,claude_light,gpt55_light,gemini_light,deepseek_light,qwen35_light
claude_light,1.0,0.7656250000000001,0.7317073170731707,0.7874015748031495,0.8125000000000001
gpt55_light,0.7656250000000001,1.0,0.717509727626459,0.7783030604628016,0.8049261083743844
gemini_light,0.7317073170731707,0.717509727626459,1.0,0.7917981072555206,0.8202334630350194
deepseek_light,0.7874015748031495,0.7783030604628016,0.7917981072555206,1.0,0.8768350335904455
qwen35_light,0.8125000000000001,0.8049261083743844,0.8202334630350194,0.8768350335904455,1.0
