,claude_instant,gpt55_instant,gemini_instant,deepseek_instant,qwen35_instant
claude_instant,1.0,0.8430493273542602,0.7897196261682244,0.732739420935412,0.7802197802197802
gpt55_instant,0.8430493273542602,1.0,0.758220502901354,0.7037374658158614,0.7982062780269059
gemini_instant,0.7897196261682244,0.758220502901354,1.0,0.7848948374760994,0.7897196261682244
deepseek_instant,0.732739420935412,0.7037374658158614,0.7848948374760994,1.0,0.8218262806236081
qwen35_instant,0.7802197802197802,0.7982062780269059,0.7897196261682244,0.8218262806236081,1.0
