difficulty,mode,n_scenarios,alpha,ci_lo,ci_hi
easy,instant,79,1.0,1.0,1.0
easy,light,79,0.9494805194805195,0.89337780591754,0.9885380149868422
hard,instant,21,0.08032424465733234,-0.05550952775476392,0.15094339622641506
hard,light,21,0.234006734006734,0.009033127851991896,0.4529333186941882
