family,verdict_flip_rate,verdict_ci_lo,verdict_ci_hi,framework_shift_rate,fw_ci_lo,fw_ci_hi,n_scenarios
claude,0.01,0.0,0.03,0.09,0.04,0.15,100
deepseek,0.08,0.03,0.14,0.19,0.12,0.27,100
gemini,0.01,0.0,0.03,0.1,0.04,0.16,100
gpt55,0.06,0.02,0.11,0.11,0.05,0.18,100
qwen35,0.09090909090909091,0.04040404040404041,0.15151515151515152,0.15151515151515152,0.08080808080808081,0.2222222222222222,99
