family,mode,mean,std,count
claude,light,32.56,44.89414975555553,300
deepseek,light,912.4362416107383,405.75015652969745,298
gemini,light,532.0766666666667,245.74358687567815,300
gpt55,light,84.34,62.737530440339356,300
qwen35,instant,0.0,0.0,269
qwen35,light,2639.1013513513512,783.166932352465,296
