family,n_with_cues,n_total,concordance,ci_lo,ci_hi
claude,25,286,0.24,0.08,0.4
deepseek,298,298,0.9228187919463087,0.889261744966443,0.9530201342281879
gemini,264,265,0.9015151515151515,0.8673295454545454,0.9356060606060606
gpt55,91,200,0.5824175824175825,0.4835164835164835,0.6813186813186813
qwen35,296,296,0.9222972972972973,0.8918918918918919,0.9527027027027027
